"ID","N","Cases","Controls","Risk","Case_density","Area"
1,20,12,8,0.6,0.00429100028038838,2796.55073779531
2,20,11,9,0.55,0.0256616807035531,428.654698305748
3,4,3,1,0.75,0.00752435964346151,398.70502503252
