"ID","N","Cases","Controls","Risk","Case_density","Area"
1,20,12,8,0.6,0.00425351530204608,2821.19591628778
2,20,11,9,0.55,0.0253336621741961,434.204890093
3,4,3,1,0.75,0.00754901705780281,397.402731644267
